VEGID;HitsID;A;B;C;D;E;Ground cover;Subcanopy
50P;6233;;1;;;;G;
50P;6234;;1;;;;G;
50P;6235;1;;;;;G;
50P;6236;1;;;;;G;
50P;6237;;;;;1;;W
50P;6238;1;;;;;M;
50P;6239;;;;;1;;T
50P;6240;;;;;1;;T
50P;6241;;;;;1;;T
50P;6242;;;1;;;T;
50P;6243;;;;1;;;T
50P;6244;;;;1;;;T
50P;6245;1;;;;;L;
50P;6246;1;;;;;L;
50P;6247;1;;;;;L;
50P;6248;1;;;;;L;
50P;6249;1;;;;;L;
50P;6250;1;;;;;L;
50P;6251;1;;;;;L;
50P;6252;1;;;;;L;
1;5335;1;;;;;G;
1;5336;;;1;;;G;
1;5337;;1;;;;G;
1;5338;;;1;;;G;
1;5339;1;;;;;G;
1;5340;;1;;;;G;
1;5341;;;1;;;G;
1;5342;;;1;;;G;
1;5343;;;;1;;;W
1;5344;;;;1;;;W
1;5345;;;1;;;W;
1;5346;;;1;;;W;
1;5347;;;1;;;W;
1;5348;;;;;1;;W
1;5349;;;1;;;W;
1;5350;;;1;;;W;
1;5351;;;;1;;;W
1;5352;;;;1;;;W
1;5353;;;;1;;;W
1;5354;;;;;;D;
10P;5472;;;;;1;;C
10P;5473;;;;;1;;C
10P;5474;;;;;1;;C
10P;5475;;;;;1;;C
10P;5476;;;;;1;;C
10P;5477;;;;;1;;C
10P;5478;;;;;1;;C
10P;5479;;;;;1;;C
10P;5480;;;;;1;;C
10P;5481;;;;;1;;C
10P;5482;;;;;1;;C
10P;5483;;;;;1;;C
10P;5484;;;;;1;;C
10P;5485;;;;;1;;C
10P;5486;;;;;1;;C
10P;5487;;;;;1;;C
10P;5488;;;;;1;;C
10P;5489;;;;;1;;C
10P;5490;1;;;;;L;
10P;5491;1;;;;;L;
11P;5492;;;;1;;;C
11P;5493;;;;;1;;C
11P;5494;;;;;1;;C
11P;5495;;;;1;;;C
11P;5496;;;;;1;;C
11P;5497;;;;;1;;C
11P;5498;;;;;1;;C
11P;5499;;;;;1;;C
11P;5500;;;;;1;;C
11P;5501;;;;;1;;C
11P;5502;;;;;1;;C
11P;5503;;;1;;;C;
11P;5504;;;;;1;;C
11P;5505;;;;;1;;C
11P;5506;;1;;;;F;
11P;5507;1;;;;;F;
11P;5508;;1;;;;F;
11P;5509;;1;;;;F;
11P;5510;1;;;;;F;
11P;5511;1;;;;;F;
12P;5512;;;;1;;;C
12P;5513;;;;;1;;C
12P;5514;;;;;1;;C
12P;5515;;;;;1;;C
12P;5516;;;;;1;;C
12P;5517;;;;;1;;C
12P;5518;;;;;1;;C
12P;5519;;;;;1;;C
12P;5520;;;;1;;;C
12P;5521;;;;;1;;C
12P;5522;;;;;1;;W
12P;5523;1;;;;;L;
12P;5524;1;;;;;L;
12P;5525;1;;;;;F;
12P;5526;;1;;;;F;
12P;5527;;;1;;;;F
12P;5528;1;;;;;F;
12P;5529;1;;;;;F;
12P;5530;1;;;;;F;
12P;5531;1;;;;;F;
13P;5532;;;1;;;G;
13P;5533;1;;;;;G;
13P;5534;;1;;;;G;
13P;5535;;1;;;;G;
13P;5536;;1;;;;G;
13P;5537;;1;;;;G;
13P;5538;;;1;;;G;
13P;5539;;1;;;;G;
13P;5540;;1;;;;G;
13P;5541;;1;;;;G;
13P;5542;;;1;;;G;
13P;5543;;;;1;;;W
13P;5544;;;1;;;W;
13P;5545;;;1;;;W;
13P;5546;1;;;;;W;
13P;5547;;;1;;;W;
13P;5548;;;1;;;W;
13P;5549;;;1;;;W;
13P;5550;;;1;;;T;
13P;5551;1;;;;;L;
14P;5552;;;1;;;W;
14P;5553;;;1;;;W;
14P;5554;;;1;;;W;
14P;5555;1;;;;;G;
14P;5556;1;;;;;G;
14P;5557;1;;;;;G;
14P;5558;;1;;;;G;
14P;5559;1;;;;;G;
14P;5560;1;;;;;L;
14P;5561;1;;;;;L;
14P;5562;1;;;;;L;
14P;5563;;1;;;;N;
14P;5564;;1;;;;N;
14P;5565;1;;;;;N;
14P;5566;;;1;;;N;
14P;5567;;1;;;;N;
14P;5568;;1;;;;N;
14P;5569;1;;;;;F;
14P;5570;1;;;;;F;
14P;5571;1;;;;;F;
15P;5572;;1;;;;G;
15P;5573;;;1;;;F;
15P;5574;;;1;;;F;
15P;5575;;;1;;;F;
15P;5576;;1;;;;F;
15P;5577;;;;1;;F;
15P;5578;;;1;;;F;
15P;5579;;;;;1;;C
15P;5580;;;;;1;;C
15P;5581;;;;;1;;C
15P;5582;;;;;1;;C
15P;5583;;;;;1;;C
15P;5584;;;;;1;;C
15P;5585;;;;;1;;C
15P;5586;;;;;1;;C
15P;5587;;;;;1;;C
15P;5588;;;1;;;;C
15P;5589;;;1;;;;C
15P;5590;;;;1;;;C
15P;5591;;;1;;;N;
16P;5592;;;;1;;;W
16P;5593;;;;1;;;W
16P;5594;;;1;;;W;
16P;5595;;;1;;;W;
16P;5596;;;1;;;W;
16P;5597;;;;1;;;W
16P;5598;;;;1;;;W
16P;5599;;;;1;;G;
16P;5600;;1;;;;G;
16P;5601;;1;;;;G;
16P;5602;;;1;;;G;
16P;5603;;;;1;;G;
16P;5604;;1;;;;D;
16P;5605;;;1;;;N;
16P;5606;;1;;;;N;
16P;5607;;1;;;;F;
16P;5608;;;1;;;F;
16P;5609;;;;1;;;F
16P;5610;;;1;;;F;
16P;5611;;1;;;;G;
17P;5625;;;;;;;C
17P;5612;;;1;;;C;
17P;5613;;;1;;;C;
17P;5614;;;;1;;;C
17P;5615;;;;1;;;C
17P;5616;;;;1;;;C
17P;5617;;;;1;;;C
17P;5618;;1;;;;C;
17P;5619;;;;1;;;C
17P;5620;;;1;;;C;
17P;5621;;;1;;;C;
17P;5622;;;;;1;;C
17P;5623;;;1;;;C;
17P;5624;;;;1;;;C
17P;5626;1;;;;;L;
17P;5627;1;;;;;L;
17P;5628;1;;;;;L;
17P;5629;1;;;;;L;
17P;5630;1;;;;;L;
17P;5631;1;;;;;L;
18P;6283;;;;1;;;W
18P;6284;;;;1;;;W
18P;6285;;;;1;;;W
18P;6286;;;1;;;;W
18P;6287;1;;;;;;W
18P;6288;;;;1;;;W
18P;6289;;;;1;;;W
18P;6290;;;;1;;;W
18P;6291;1;;;;;G;
18P;6292;;1;;;;G;
18P;6293;;1;;;;G;
18P;6294;1;;;;;G;
18P;6295;;1;;;;F;
18P;6296;;1;;;;F;
18P;6297;;1;;;;F;
18P;6298;1;;;;;F;
18P;6299;;1;;;;T;
18P;6300;;;;1;;;T
18P;6301;;;;1;;;T
18P;6302;;;;1;;;T
19P;5652;;;;;1;;C
19P;5653;;;;;1;;C
19P;5654;;;;;1;;C
19P;5655;;;;;1;;C
19P;5656;;;;;1;;C
19P;5657;;;;;1;;C
19P;5658;;;;1;;;C
19P;5659;;;;;1;;C
19P;5660;;;;;1;;C
19P;5661;;;;;1;;C
19P;5662;;;;1;;;C
19P;5663;1;;;;;F;
19P;5664;1;;;;;F;
19P;5665;;1;;;;F;
19P;5666;;1;;;;F;
19P;5667;1;;;;;F;
19P;5668;;1;;;;F;
19P;5669;1;;;;;F;
19P;5670;1;;;;;F;
19P;5671;1;;;;;L;
22P;5712;;;;;1;;C
22P;5713;;;;;1;;C
22P;5714;;;;;1;;C
22P;5715;;;;;1;;C
22P;5716;;;;;1;;C
22P;5717;;;;1;;;C
22P;5718;;;;;1;;C
22P;5719;;;;;1;;C
22P;5720;;;;1;;;C
22P;5721;;;;;1;;C
22P;5722;;;;;1;;C
22P;5723;;;;;1;;C
22P;5724;;;;;1;;C
22P;5725;;;;;1;;C
22P;5726;;;;;1;;C
22P;5727;;;;;1;;C
22P;5728;;;;;1;;C
22P;5729;1;;;;;L;
22P;5730;1;;;;;L;
22P;5731;;;;;1;;C
23P;5732;1;;;;;G;
23P;5733;;1;;;;F;
23P;5734;;1;;;;F;
23P;5735;;;;1;;;F
23P;5736;1;;;;;F;
23P;5737;1;;;;;F;
23P;5738;;;1;;;F;
23P;5739;;1;;;;F;
23P;5740;;;;1;;;T
23P;5741;;1;;;;N;
23P;5742;;;1;;;N;
23P;5743;;;1;;;N;
23P;5744;;;1;;;N;
23P;5745;1;;;;;L;
23P;5746;1;;;;;L;
23P;5747;1;;;;;L;
23P;5748;1;;;;;L;
23P;5749;1;;;;;L;
23P;5750;1;;;;;L;
23P;5751;1;;;;;L;
24P;5752;;;;1;;F;
24P;5753;;;1;;;F;
24P;5754;;;1;;;F;
24P;5755;1;;;;;F;
24P;5756;;;;;1;;C
24P;5757;;;;;1;;C
24P;5758;;;;;1;;C
24P;5759;;;;;1;;C
24P;5760;;;;1;;;C
24P;5761;;;;;1;;C
24P;5762;;;;;1;;C
24P;5763;;;;1;;;C
24P;5764;;;;;1;;C
24P;5765;;;;;1;;C
24P;5766;;;;;1;;C
24P;5767;;;;;1;;C
24P;5768;;;;1;;;C
24P;5769;;;;;1;;C
24P;5770;;;;;1;;C
24P;5771;1;;;;;L;
25P;5772;1;;;;;G;
25P;5773;1;;;;;G;
25P;5774;1;;;;;G;
25P;5775;1;;;;;G;
25P;5776;1;;;;;G;
25P;5777;1;;;;;G;
25P;5778;;1;;;;G;
25P;5779;1;;;;;F;
25P;5780;;;1;;;W;
25P;5781;;;;1;;;W
25P;5782;;1;;;;W;
25P;5783;;1;;;;W;
25P;5784;;;;1;;;W
25P;5785;1;;;;;W;
25P;5786;;;;1;;;T
25P;5787;1;;;;;L;
25P;5788;1;;;;;L;
25P;5789;1;;;;;L;
25P;5790;1;;;;;L;
25P;5791;1;;;;;L;
26P;5792;1;;;;;G;
26P;5793;1;;;;;G;
26P;5794;1;;;;;G;
26P;5795;1;;;;;G;
26P;5796;;1;;;;T;
26P;5797;1;;;;;T;
26P;5798;1;;;;;W;
26P;5799;;;1;;;W;
26P;5800;;1;;;;W;
26P;5801;;1;;;;F;
26P;5802;;1;;;;F;
26P;5803;1;;;;;L;
26P;5804;1;;;;;L;
26P;5805;1;;;;;L;
26P;5806;1;;;;;L;
26P;5807;1;;;;;N;
26P;5808;;;1;;;N;
26P;5809;;1;;;;N;
26P;5810;1;;;;;N;
26P;5811;;;1;;;N;
27P;5812;1;;;;;G;
27P;5813;1;;;;;F;
27P;5814;1;;;;;F;
27P;5815;1;;;;;F;
27P;5816;1;;;;;F;
27P;5817;;;;;1;;C
27P;5818;;;;;1;;C
27P;5819;;;;;1;;C
27P;5820;;;;;1;;C
27P;5821;;;;;1;;C
27P;5822;;;;;1;;C
27P;5823;;;;1;;;C
27P;5824;;;;;1;;C
27P;5825;;;;;1;;C
27P;5826;;;;;1;;C
27P;5827;;;;;1;;C
27P;5828;;;;;1;;C
27P;5829;;;;;1;;C
27P;5830;;;;;1;;C
27P;5831;1;;;;;L;
29P;5832;1;;;;;F;
29P;5833;;;;1;;;C
29P;5834;;;;1;;;C
29P;5835;;;;;1;;C
29P;5836;;;;;1;;C
29P;5837;;;;;1;;C
29P;5838;;;;1;;;C
29P;5839;;;;;1;;C
29P;5840;;;;1;;;C
29P;5841;;;;;1;;C
29P;5842;;;;;1;;C
29P;5843;;;;;1;;C
29P;5844;;;;1;;;C
29P;5845;;;;1;;;C
29P;5846;;;;;1;;C
29P;5847;;;;1;;;C
29P;5848;;;;;1;;C
29P;5849;;;;;1;;C
29P;5850;;;;1;;;C
29P;5851;1;;;;;L;
30P;5852;1;;;;;F;
30P;5853;;;1;;;F;
30P;5854;1;;;;;F;
30P;5855;;;1;;;M;
30P;5856;;;1;;;M;
30P;5857;;;;1;;;M
30P;5858;;;;1;;;M
30P;5859;;;;1;;;M
30P;5860;;;;1;;;M
30P;5861;;;;1;;;M
30P;5862;;1;;;;W;
30P;5863;;;;1;;;W
30P;5864;;;1;;;T;
30P;5865;;;;;1;;T
30P;5866;;;;1;;;T
30P;5867;;;;1;;;T
30P;5868;1;;;;;T;
30P;5869;;;;;1;;T
30P;5870;;;;1;;;T
30P;5871;;;1;;;T;
32P;5872;1;;;;;G;
32P;5873;;1;;;;G;
32P;5874;;1;;;;G;
32P;5875;1;;;;;G;
32P;5876;;1;;;;G;
32P;5877;;1;;;;G;
32P;5878;1;;;;;G;
32P;5879;1;;;;;F;
32P;5880;1;;;;;F;
32P;5881;1;;;;;W;
32P;5882;;;1;;;W;
32P;5883;;1;;;;W;
32P;5884;1;;;;;W;
32P;5885;;;1;;;W;
32P;5886;;;;1;;;W
32P;5887;;;1;;;W;
32P;5888;;;;1;;;T
32P;5889;;;1;;;T;
32P;5890;;;;1;;;T
32P;5891;;;;1;;;T
33P;5892;;1;;;;G;
33P;5893;1;;;;;G;
33P;5894;1;;;;;G;
33P;5895;;1;;;;G;
33P;5896;1;;;;;G;
33P;5897;;1;;;;G;
33P;5898;;;1;;;G;
33P;5899;;;;1;;;W
33P;5900;;1;;;;W;
33P;5901;;;1;;;W;
33P;5902;;;1;;;W;
33P;5903;;;;1;;;W
33P;5904;;;1;;;W;
33P;5905;;;;1;;;W
33P;5906;;;;;1;;T
33P;5907;;;;1;;;T
33P;5908;;;;;1;;T
33P;5909;;;;1;;;T
33P;5910;;;;1;;;T
33P;5911;;;;;1;;T
34P;5912;;;1;;;G;
34P;5913;;1;;;;G;
34P;5914;;;1;;;G;
34P;5915;1;;;;;G;
34P;5916;1;;;;;F;
34P;5917;;;1;;;F;
34P;5918;1;;;;;W;
34P;5919;;;;1;;;W
34P;5920;;;;1;;;W
34P;5921;;;;;1;;T
34P;5922;;1;;;;T;
34P;5923;;;1;;;T;
34P;5924;;;;;1;;T
34P;5925;;;;;1;;T
34P;5926;;;;;1;;T
34P;5927;;;;;1;;T
34P;5928;;;1;;;N;
34P;5929;1;;;;;L;
34P;5930;1;;;;;L;
34P;5931;1;;;;;L;
35P;5932;1;;;;;F;
35P;5933;1;;;;;F;
35P;5934;1;;;;;F;
35P;5935;1;;;;;F;
35P;5936;;1;;;;W;
35P;5937;;1;;;;W;C
35P;5938;;;;1;;;C
35P;5939;;;;;1;;C
35P;5940;;;;;1;;C
35P;5941;;;;;1;;C
35P;5942;;;;;1;;C
35P;5943;;;;;1;;C
35P;5944;;;;;1;;C
35P;5945;;;;1;;;C
35P;5946;;;;;1;;C
35P;5947;;;;;1;;C
35P;5948;;;;;1;;C
35P;5949;;;1;;;N;
35P;5950;1;;;;;L;
35P;5951;;;;;1;;C
36P;5952;1;;;;;G;
36P;5953;;1;;;;G;
36P;5954;1;;;;;G;
36P;5955;;;1;;;G;
36P;5956;1;;;;;F;
36P;5957;1;;;;;W;
36P;5958;1;;;;;W;
36P;5959;;;;1;;;T
36P;5960;;;1;;;T;
36P;5961;;;;1;;;T
36P;5962;;;;1;;;T
36P;5963;;;;;1;;T
36P;5964;;;;1;;;T
36P;5965;;;;;1;;T
36P;5966;;;;1;;;T
36P;5967;;;;;1;;C
36P;5968;1;;;;;L;
36P;5969;1;;;;;L;
36P;5970;1;;;;;L;
36P;5971;1;;;;;L;
37P;5972;1;;;;;G;
37P;5973;;1;;;;G;
37P;5974;1;;;;;F;
37P;5975;1;;;;;F;
37P;5976;1;;;;;F;
37P;5977;;;1;;;F;
37P;5978;;;;;1;;C
37P;5979;;;;;1;;C
37P;5980;1;;;;;C;
37P;5981;;;;1;;;C
37P;5982;;;;1;;;C
37P;5983;;;;;1;;C
37P;5984;;;;;1;;C
37P;5985;;;;1;;;C
37P;5986;;;1;;;C;
37P;5987;;;;;1;;C
37P;5988;;;;;1;;C
37P;5989;;;;1;;;C
37P;5990;1;;;;;L;
37P;5991;1;;;;;L;
38P;5992;;;1;;;G;
38P;5993;;1;;;;W;
38P;5994;;;;1;;;C
38P;5995;;;1;;;C;
38P;5996;;;;;1;;C
38P;5997;;;;1;;;C
38P;5998;;;;1;;;C
38P;5999;;;;1;;;C
38P;6000;;;;1;;;C
38P;6001;;;;1;;;C
38P;6002;;;;1;;;C
38P;6003;;;;1;;;C
38P;6004;;;;1;;;C
38P;6005;;;1;;;C;
38P;6006;;;;;1;;C
38P;6007;;;;;1;;C
38P;6008;;;;;1;;C
38P;6009;1;;;;;L;
38P;6010;1;;;;;L;
38P;6011;1;;;;;L;
39P;6012;1;;;;;F;
39P;6013;1;;;;;F;
39P;6014;;1;;;;F;
39P;6015;1;;;;;F;
39P;6016;;;1;;;W;
39P;6017;;;;;1;;W
39P;6018;;;;;1;;C
39P;6019;;;;;1;;C
39P;6020;;;;;1;;C
39P;6021;;;;;1;;C
39P;6022;;;;1;;;C
39P;6023;;;;;1;;C
39P;6024;;;;1;;;C
39P;6025;;;;;1;;C
39P;6026;;;;;1;;C
39P;6027;;;;;1;;C
39P;6028;;;;;1;;C
39P;6029;;;;;1;;C
39P;6030;;;;;1;;C
39P;6031;;1;;;;N;
3P;5355;;;1;;;F;
3P;5356;;;1;;;F;
3P;5357;;;1;;;F;
3P;5358;;1;;;;F;
3P;5359;;;1;;;F;
3P;5360;;;1;;;F;
3P;5361;;;1;;;F;
3P;5362;;1;;;;F;
3P;5363;;;1;;;F;
3P;5364;;1;;;;F;
3P;5365;;1;;;;F;
3P;5366;;1;;;;F;
3P;5367;;1;;;;F;
3P;5368;;;1;;;F;
3P;5369;;1;;;;F;
3P;5370;;1;;;;F;
3P;5371;;;;1;;;F
3P;5372;;1;;;;G;
3P;5373;;1;;;;G;
3P;5374;;;1;;;C;
40P;6032;;;1;;;C;
40P;6033;;;1;;;C;
40P;6034;;;;1;;;C
40P;6035;;;;1;;;C
40P;6036;;;;1;;;C
40P;6037;;;;1;;;C
40P;6038;;;;1;;;C
40P;6039;;;;1;;;C
40P;6040;;;;1;;;C
40P;6041;;;;1;;;C
40P;6042;;;;1;;;C
40P;6043;;;;1;;;C
40P;6044;;;;1;;;C
40P;6045;;;;1;;;C
40P;6046;;;;1;;;C
40P;6047;;;;1;;;C
40P;6048;;;1;;;C;
40P;6049;1;;;;;L;
40P;6050;1;;;;;L;
40P;6051;1;;;;;L;
41P;6052;;;;1;;;C
41P;6053;;;;1;;;C
41P;6054;;;;1;;;C
41P;6055;;;;;1;;C
41P;6056;;;;1;;;C
41P;6057;;;;1;;;C
41P;6058;;;;1;;;C
41P;6059;;;;1;;;C
41P;6060;;;;1;;;C
41P;6061;;;1;;;C;
41P;6062;;;;1;;;C
41P;6063;;;;1;;;C
41P;6064;;;;1;;;C
41P;6065;;1;;;;C;
41P;6066;;;;1;;;C
41P;6067;;;;1;;;C
41P;6068;1;;;;;L;
41P;6069;1;;;;;L;
41P;6070;1;;;;;L;
41P;6071;1;;;;;L;
42P;6072;1;;;;;F;
42P;6073;1;;;;;F;
42P;6074;1;;;;;F;
42P;6075;;;;;1;;C
42P;6076;;1;;;;C;
42P;6077;;;;1;;;C
42P;6078;;;;;1;;C
42P;6079;;;;;1;;C
42P;6080;;;;;1;;C
42P;6081;;;;;1;;C
42P;6082;;;;1;;;C
42P;6083;;;;1;;;C
42P;6084;;;1;;;C;
42P;6085;;;1;;;C;
42P;6086;;;;1;;;C
42P;6087;;;;;1;;C
42P;6088;;;;;1;;C
42P;6089;;;;;1;;C
42P;6090;;;;;1;;C
42P;6091;1;;;;;L;
43P;6092;1;;;;;F;
43P;6093;1;;;;;F;
43P;6094;1;;;;;F;
43P;6095;1;;;;;F;
43P;6096;1;;;;;F;
43P;6097;;;1;;;W;
43P;6098;1;;;;;W;
43P;6099;;;1;;;W;
43P;6100;1;;;;;W;
43P;6101;;1;;;;W;
43P;6102;;1;;;;W;
43P;6103;;1;;;;W;
43P;6104;;1;;;;W;
43P;6105;;1;;;;W;
43P;6106;1;;;;;W;
43P;6107;1;;;;;W;
43P;6108;1;;;;;L;
43P;6109;1;;;;;L;
43P;6110;1;;;;;L;
43P;6111;1;;;;;L;
44P;6112;;;;;1;;M
44P;6113;;1;;;;M;
44P;6114;;;1;;;M;
44P;6115;;;1;;;M;
44P;6116;;;1;;;M;
44P;6117;;;1;;;T;
44P;6118;;;1;;;T;
44P;6119;;;;1;;;T
44P;6120;;;1;;;T;
44P;6121;;;;;1;;T
44P;6122;;;1;;;T;
44P;6123;1;;;;;T;
44P;6124;;;1;;;T;
44P;6125;;;1;;;T;
44P;6126;;;1;;;T;
44P;6127;;1;;;;N;
44P;6128;1;;;;;L;
44P;6129;1;;;;;L;
44P;6130;1;;;;;L;
44P;6131;1;;;;;L;
45P;6132;;;;;1;;T
45P;6133;;;1;;;W;
45P;6134;;;;;1;;W
45P;6135;;;1;;;M;
45P;6136;;;1;;;M;
45P;6137;;;1;;;M;
45P;6138;;;;;1;;M
45P;6139;;1;;;;T;
45P;6140;;;;1;;;T
45P;6141;1;;;;;T;
45P;6142;;;;1;;;T
45P;6143;;;;;1;;T
45P;6144;;1;;;;N;
45P;6145;1;;;;;N;
45P;6146;1;;;;;L;
45P;6147;1;;;;;L;
45P;6148;1;;;;;L;
45P;6149;1;;;;;L;
45P;6150;1;;;;;L;
45P;6151;1;;;;;L;
46P;6152;;;;1;;;M
46P;6153;;;1;;;M;
46P;6154;;;1;;;M;
46P;6155;;1;;;;M;
46P;6156;;;1;;;M;
46P;6157;;1;;;;T;
46P;6158;;;1;;;T;
46P;6159;;;;1;;;T
46P;6160;;;1;;;T;
46P;6161;;1;;;;T;
46P;6162;;;;;1;;T
46P;6163;;;1;;;N;
46P;6164;;;1;;;N;
46P;6165;;1;;;;N;
46P;6166;;1;;;;N;
46P;6167;;;;1;;;N
46P;6168;;1;;;;N;
46P;6169;1;;;;;L;
46P;6170;1;;;;;L;
46P;6171;1;;;;;L;
47P;6172;;;1;;;F;
47P;6173;1;;;;;F;
47P;6174;1;;;;;F;
47P;6175;;;;1;;;C
47P;6176;;;;1;;;C
47P;6177;;;;1;;;C
47P;6178;;;;;1;;C
47P;6179;;;;1;;;C
47P;6180;;;;1;;;C
47P;6181;;;;1;;;C
47P;6182;;;;1;;;C
47P;6183;;;;1;;;C
47P;6184;;;;1;;;C
47P;6185;;;;;1;;C
47P;6186;;;;;1;;C
47P;6187;;;;;1;;C
47P;6188;;;;;1;;C
47P;6189;;;1;;;N;
47P;6190;1;;;;;N;
47P;6191;1;;;;;L;
48P;6192;1;;;;;G;
48P;6193;1;;;;;G;
48P;6194;1;;;;;G;
48P;6195;1;;;;;F;
48P;6196;1;;;;;W;
48P;6197;;1;;;;W;
48P;6198;;;;;1;;W
48P;6199;;;;1;;;W
48P;6200;1;;;;;M;
48P;6201;;1;;;;M;
48P;6202;1;;;;;M;
48P;6203;;;;1;;;M
48P;6204;;;;;1;;T
48P;6205;;;;1;;;T
48P;6206;1;;;;;L;
48P;6207;1;;;;;L;
48P;6208;1;;;;;L;
48P;6209;1;;;;;L;
48P;6210;1;;;;;L;
48P;6211;1;;;;;L;
49P;6213;1;;;;;G;
49P;6214;;;1;;;G;
49P;6215;;;1;;;G;
49P;6216;;;;1;;;G
49P;6217;;;1;;;G;
49P;6218;;;;1;;;W
49P;6219;;1;;;;M;
49P;6220;;;1;;;M;
49P;6221;;;;1;;;T
49P;6222;;;;1;;;T
49P;6223;;1;;;;T;
49P;6224;;;1;;;T;
49P;6225;;;;1;;;T
49P;6226;1;;;;;N;
49P;6227;1;;;;;N;
49P;6228;1;;;;;N;
49P;6229;1;;;;;L;
49P;6230;1;;;;;L;
49P;6231;1;;;;;L;
49P;6232;1;;;;;L;
4P;5375;1;;;;;G;
4P;5376;;1;;;;G;
4P;5377;1;;;;;G;
4P;5378;1;;;;;G;
4P;5379;1;;;;;F;
4P;5380;;;1;;;F;
4P;5381;1;;;;;F;
4P;5382;;;1;;;F;
4P;5383;1;;;;;F;
4P;5384;1;;;;;F;
4P;5385;;;1;;;F;
4P;5386;1;;;;;F;
4P;5387;;;1;;;W;
4P;5388;;;;1;;;W
4P;5389;;;;;1;;W
4P;5390;;1;;;;W;
4P;5391;1;;;;;L;
4P;5392;1;;;;;L;
4P;5393;1;;;;;L;
4P;5394;;;;;1;;T
51P;6253;1;;;;;F;
51P;6254;1;;;;;F;
51P;6255;1;;;;;F;
51P;6256;1;;;;;F;
51P;6257;1;;;;;F;
51P;6258;1;;;;;F;
51P;6259;1;;;;;F;
51P;6260;;;;;1;;C
51P;6261;;;;;1;;C
51P;6262;;;;1;;;C
51P;6263;;;;;1;;C
51P;6264;;;;1;;;C
51P;6265;;;1;;;C;
51P;6266;;;;;1;;C
51P;6267;;;;;1;;C
51P;6268;;;;1;;;C
51P;6269;;;;1;;;C
51P;6270;;;;1;;;C
51P;6271;;1;;;;N;
51P;6272;;1;;;;N;
52;5315;1;;;;;F;
52;5316;1;;;;;F;
52;5317;1;;;;;F;
52;5318;1;;;;;F;
52;5319;;;;;1;;C
52;5320;;;;1;;;C
52;5321;;;;1;;;C
52;5322;;;;;1;;C
52;5323;;;;1;;;C
52;5324;;;;1;;;C
52;5325;;;;1;;;C
52;5326;;;;;1;;C
52;5327;;;1;;;C;
52;5328;;;;1;;;C
52;5329;;;;1;;;C
52;5330;;;;1;;;C
52;5331;;;;;1;;C
52;5332;;;;;1;;C
52;5333;;;;;;D;
52;5334;;;;;;D;
53;5295;1;;;;;G;
53;5296;1;;;;;G;
53;5297;1;;;;;G;
53;5298;1;;;;;F;
53;5299;;1;;;;F;
53;5300;;;;1;;;W
53;5301;1;;;;;O;
53;5302;;1;;;;T;
53;5303;;;;1;;;T
53;5304;;;;;1;;T
53;5305;;;;;1;;T
53;5306;;;;;1;;T
53;5307;;1;;;;T;
53;5308;;;;;1;;T
53;5309;;;;;1;;T
53;5310;;;;;;D;
53;5311;;;;;;D;
53;5312;;;;;;D;
53;5313;;;;;;D;
53;5314;;;;;;D;
56P;3937;;;;;1;;C
56P;3938;;;;;1;;C
56P;3939;;;;;;L;
56P;3940;;;;;1;;C
56P;3941;;;;;1;;C
56P;3942;;;;;1;;C
56P;3943;;;;;;B;
56P;3944;;;;;;B;
56P;3945;;;;1;;;C
56P;3946;;;;;1;;C
56P;3947;;;;1;;;C
56P;3948;;;;;1;;C
56P;3949;;;;;1;;C
56P;3950;;;;;1;;C
56P;3951;;;;;1;;C
56P;3952;;;;1;;;C
56P;3953;;;;;;L;
56P;3954;1;;;;;F;
56P;3955;;;;;;D;
56P;3956;1;;;;;F;
5p;6304;;;;;1;;C
5p;6305;;;;;1;;C
5p;6306;;;;;1;;C
5p;6307;;;;;1;;C
5p;6308;;;;;1;;C
5p;6309;;;;;1;;C
5p;6310;;;;;1;;C
5p;6311;;;;;1;;C
5p;6312;;;;;1;;C
5p;6313;;;;;1;;C
5p;6314;;;;;1;;C
5p;6315;;;;;1;;C
5p;6316;;;;;1;;C
5p;6317;;;;;1;;C
5p;6318;;;;;1;;C
5p;6319;;;;;1;;C
5p;6320;;;;;1;;C
5p;6321;;;;;1;;C
5p;6322;;;;;1;;C
5p;6323;;;;;1;;C
6P;5396;;;;;1;;C
6P;5397;;;;;1;;C
6P;5398;;;;;1;;C
6P;5399;;;;;1;;C
6P;5400;;;;;1;;C
6P;5401;;;;;1;;C
6P;5402;;;;;1;;C
6P;5403;;;;;1;;C
6P;5404;;;;;1;;C
6P;5405;1;;;;;F;
6P;5406;1;;;;;F;
6P;5407;;1;;;;F;
6P;5408;;1;;;;F;
6P;5409;1;;;;;F;
6P;5410;;1;;;;F;
6P;5411;;1;;;;F;
6P;6273;;;;;1;;C
6P;6274;;;;;1;;C
6P;6275;1;;;;;L;
6P;6276;1;;;;;L;
8P;5432;1;;;;;W;
8P;5433;1;;;;;G;
8P;5434;;;;;;L;
8P;5435;1;;;;;G;
8P;5436;1;;;;;W;
8P;5437;1;;;;;G;
8P;5438;1;;;;;G;
8P;5439;;;;;;L;
8P;5440;;;;;1;;T
8P;5441;1;;;;;G;
8P;5442;1;;;;;G;
8P;5443;1;;;;;G;
8P;5444;;;1;;;W;
8P;5445;1;;;;;F;
8P;5446;;1;;;;W;
8P;5447;;;;;;L;
8P;5448;;;;;;L;
8P;5449;;;1;;;;W
8P;5450;;;;;;L;
8P;5451;;;;;;L;
9P;5452;1;;;;;G;
9P;5453;1;;;;;G;
9P;5454;;1;;;;G;
9P;5455;1;;;;;;L
9P;5456;1;;;;;;L
9P;5457;1;;;;;;L
9P;5458;1;;;;;;L
9P;5459;1;;;;;;L
9P;5460;1;;;;;;L
9P;5461;1;;;;;;L
9P;5462;1;;;;;;L
9P;5463;1;;;;;;L
9P;5464;1;;;;;;L
9P;5465;1;;;;;;L
9P;5466;1;;;;;;L
9P;5467;;;1;;;W;
9P;5468;;1;;;;W;
9P;5469;;;;1;;W;
9P;5470;;;1;;;W;
9P;5471;1;;;;;W;
